{
  "format_version": "1.21.80",
  "minecraft:lighting_settings": {
    "description": {
      "identifier": "rg:global"
    },
    "directional_lights": {
      "orbital": {
        "sun": {
          "illuminance": {
            "0.000000": 159.727,
            "0.200000": 72.2942,
            "0.240000": 52.6502,
            "0.250000": 92.1656,
            "0.260000": 28.9378,
            "0.270000": 29.7838,
            "0.280000": 40.5022,
            "0.290000": 20.0371,
            "0.300000": 4.7779,
            "0.310000": 45.1654,
            "0.650000": 5.1639,
            "0.660000": 30.5769,
            "0.670000": 29.8548,
            "0.680000": 31.0058,
            "0.700000": 31.2337,
            "0.770000": 46.6836,
            "0.780000": 55.3462,
            "0.800000": 159.8457
          },
          "color": {
            "0.000000": [149.2919, 128.1507, 92.6605],
            "0.100000": [245.9955, 231.4726, 190.3896],
            "0.140000": [259.5418, 198.1527, 116.8413],
            "0.180000": [243.8633, 114.6548, 40.2622],
            "0.200000": [267.008, 98.9611, 39.0245],
            "0.300000": [239.0642, 251.5315, 249.3702],
            "0.670000": [262.4006, 250.0229, 250.6111],
            "0.680000": [258.5186, 260.4987, 249.6644],
            "0.690000": [258.9649, 243.38, 254.6223],
            "0.700000": [248.1705, 122.1469, 97.8023],
            "0.760000": [260.479, 129.4075, 72.2013],
            "0.780000": [247.7734, 99.1374, 10.0615],
            "0.800000": [253.5112, 170.2271, 104.7399]
          }
        },
        "moon": {
          "illuminance": {
            "0.000000": 11.4543
          },
          "color": {
            "0.000000": [243.2334, 240.4406, 239.9886]
          }
        },
        "orbital_offset_degrees": {
          "0.000000": 310.2217
        }
      },
      "flash": {
        "illuminance": {
          "0.000000": 0.0977
        },
        "color": {
          "0.000000": [0.0, 0.0, 0.0]
        }
      }
    },
    "emissive": {
      "desaturation": {
        "0.000000": 0.2983
      }
    },
    "ambient": {
      "illuminance": {
        "0.000000": 0.1033
      },
      "color": {
        "0.000000": [0.0, 0.0, 0.0]
      }
    },
    "sky": {
      "intensity": {
        "0.000000": 0.4287
      }
    }
  }
}